{"cameraMode":{"drawMode":0,"name":"Shaded","section":"Shading Mode"},"sceneLighting":true,"audioPlay":false,"sceneViewState":{"showFog":true,"showMaterialUpdate":false,"showSkybox":true,"showFlares":true,"showImageEffects":true,"showParticleSystems":true},"in2DMode":false,"pivot":{"x":7.28641414642334,"y":5.458610534667969,"z":-8.767385482788086},"rotation":{"x":-0.5014188885688782,"y":-0.014027583412826062,"z":0.008137354627251625,"w":-0.8650625348091126},"size":0.22875839471817017,"orthographic":false}