{"cameraMode":{"drawMode":0,"name":"Shaded","section":"Shading Mode"},"sceneLighting":true,"audioPlay":false,"sceneViewState":{"showFog":true,"showMaterialUpdate":false,"showSkybox":true,"showFlares":true,"showImageEffects":true,"showParticleSystems":true},"in2DMode":false,"pivot":{"x":4.375877857208252,"y":-0.3381924629211426,"z":-3.376887798309326},"rotation":{"x":-0.3497355282306671,"y":-0.4345431923866272,"z":0.187997505068779,"w":-0.8084133267402649},"size":3.5416371822357179,"orthographic":false}