{"cameraMode":{"drawMode":0,"name":"Shaded","section":"Shading Mode"},"sceneLighting":true,"audioPlay":false,"sceneViewState":{"showFog":true,"showMaterialUpdate":false,"showSkybox":true,"showFlares":true,"showImageEffects":true,"showParticleSystems":true},"in2DMode":false,"pivot":{"x":0.8740441799163818,"y":7.54940938949585,"z":-4.300042152404785},"rotation":{"x":0.5644611716270447,"y":0.03268168866634369,"z":-0.02238931506872177,"w":0.824524462223053},"size":0.018900441005825998,"orthographic":false}